id;nome;laboratorio
1;calculating withdrawal Nevada;Berkshire
2;dedicated Persevering;Coordinator Cambridgeshire Investor
3;cross-platform Borders;Libyan Dinar CSS
4;sensor;Alaska
5;deposit Chips Applications;uniform PCI back up
6;Tactics architectures Planner;Facilitator Incredible functionalities
7;compressing;Bedfordshire
8;Maryland Configuration;Intranet Ergonomic Concrete Soap Zambian Kwacha
9;Concrete Bedfordshire;portal calculating Metal
10;real-time discrete redundant;Synergistic Personal Loan Account Sleek
